timestamp,est_lat,est_lon,est_alt,true_lat,true_lon,true_alt,error_2d,error_3d,velocity_error,hdop,vdop,tcas_targets,sns_available,tcas_available
0.00,56.06312324,37.25995925,1194.5,56.06343153,37.25900723,1198.2,68.40,68.50,0.21,1.50,2.00,8,1,1
1.00,56.06277319,37.26098287,1191.1,56.06311712,37.25998268,1194.5,73.00,73.08,0.54,1.50,2.00,8,1,1
2.00,56.06242447,37.26197169,1187.7,56.06280271,37.26095812,1190.8,75.77,75.83,0.43,1.50,2.00,8,1,1
3.00,56.06209419,37.26296663,1184.4,56.06248830,37.26193356,1187.1,77.76,77.81,0.32,1.50,2.00,8,1,1
4.00,56.06175974,37.26396973,1180.7,56.06217389,37.26290899,1183.5,80.45,80.49,0.17,1.50,2.00,8,1,1
5.00,56.06142032,37.26496904,1177.1,56.06185948,37.26388441,1179.8,83.27,83.31,0.28,1.50,2.00,8,1,1
6.00,56.06109690,37.26601765,1173.4,56.06154507,37.26485982,1176.1,87.56,87.60,0.49,1.50,2.00,8,1,1
7.00,56.06079437,37.26692115,1169.7,56.06123066,37.26583523,1172.5,83.15,83.19,0.23,1.50,2.00,8,1,1
8.00,56.06047391,37.26792612,1165.9,56.06091625,37.26681062,1168.8,85.04,85.09,0.15,1.50,2.00,8,1,1
9.00,56.06016260,37.26884946,1162.3,56.06060184,37.26778601,1165.1,82.22,82.26,0.06,1.50,2.00,8,1,1
10.00,56.05991676,37.26973446,1158.7,56.06028742,37.26876139,1161.5,73.21,73.27,0.20,1.50,2.00,8,1,1
11.00,56.05960864,37.27076500,1154.9,56.05997301,37.26973676,1157.8,75.69,75.75,0.08,1.50,2.00,8,1,1
12.00,56.05939560,37.27166023,1151.3,56.05965860,37.27071213,1154.1,65.80,65.86,0.08,1.50,2.00,8,1,1
13.00,56.05908050,37.27266020,1147.7,56.05934419,37.27168749,1150.5,67.21,67.26,0.26,1.50,2.00,8,1,1
14.00,56.05872887,37.27368630,1144.3,56.05902978,37.27266283,1146.8,71.89,71.94,0.40,1.50,2.00,8,1,1
15.00,56.05831590,37.27475892,1140.8,56.05871537,37.27363817,1143.1,82.64,82.68,0.35,1.50,2.00,8,1,1
16.00,56.05800327,37.27571955,1137.0,56.05840096,37.27461351,1139.5,81.77,81.80,0.31,1.50,2.00,8,1,1
17.00,56.05776736,37.27659940,1133.1,56.05808655,37.27558883,1135.8,72.17,72.22,0.37,1.50,2.00,8,1,1
18.00,56.05745857,37.27761074,1129.2,56.05777214,37.27656415,1132.1,73.83,73.88,0.21,1.50,2.00,8,1,1
19.00,56.05714705,37.27856108,1125.7,56.05745773,37.27753946,1128.5,72.31,72.36,0.13,1.50,2.00,8,1,1
20.00,56.05684695,37.27949358,1122.1,56.05714332,37.27851476,1124.8,69.21,69.26,0.26,1.50,2.00,8,1,1
21.00,56.05652947,37.28046947,1118.3,56.05682891,37.27949005,1121.1,69.41,69.46,0.29,1.50,2.00,8,1,1
22.00,56.05611534,37.28158899,1114.6,56.05651450,37.28046534,1117.4,82.78,82.83,0.23,1.50,2.00,8,1,1
23.00,56.05576882,37.28252956,1110.8,56.05620009,37.28144061,1113.8,82.98,83.04,0.04,1.50,2.00,8,1,1
24.00,56.05549567,37.28344577,1107.2,56.05588568,37.28241588,1110.1,77.35,77.40,0.18,1.50,2.00,8,1,1
25.00,56.05521624,37.28438234,1103.8,56.05557127,37.28339114,1106.4,73.20,73.25,0.23,1.50,2.00,8,1,1
26.00,56.05482782,37.28540578,1100.3,56.05525686,37.28436640,1102.8,80.34,80.38,0.35,1.50,2.00,8,1,1
27.00,56.05460668,37.28628759,1096.7,56.05494245,37.28534164,1099.1,69.68,69.72,0.50,1.50,2.00,8,1,1
28.00,56.05429488,37.28725203,1093.1,56.05462804,37.28631688,1095.4,68.95,68.99,0.29,1.50,2.00,8,1,1
29.00,56.05395286,37.28825783,1089.6,56.05431363,37.28729211,1091.8,72.23,72.26,0.42,1.50,2.00,8,1,1
30.00,56.05364558,37.28928335,1086.2,56.05399922,37.28826733,1088.1,74.42,74.45,0.40,1.50,2.00,8,1,1
31.00,56.05325699,37.29035389,1082.7,56.05368481,37.28924254,1084.4,83.91,83.93,0.28,1.50,2.00,8,1,1
32.00,56.05294860,37.29129634,1079.1,56.05337040,37.29021775,1080.8,81.85,81.87,0.10,1.50,2.00,8,1,1
33.00,56.05267873,37.29222585,1075.5,56.05305599,37.29119295,1077.1,76.72,76.74,0.26,1.50,2.00,8,1,1
34.00,56.05244499,37.29308246,1071.9,56.05274158,37.29216814,1073.4,65.73,65.75,0.48,1.50,2.00,8,1,1
35.00,56.05216473,37.29406725,1068.1,56.05242717,37.29314332,1069.8,64.44,64.46,0.19,1.50,2.00,8,1,1
36.00,56.05186406,37.29504517,1064.4,56.05211276,37.29411849,1066.1,63.91,63.94,0.23,1.50,2.00,8,1,1
37.00,56.05152325,37.29606903,1060.7,56.05179835,37.29509366,1062.4,67.93,67.95,0.27,1.50,2.00,8,1,1
38.00,56.05127729,37.29695404,1057.2,56.05148394,37.29606882,1058.8,59.65,59.67,0.16,1.50,2.00,8,1,1
39.00,56.05089267,37.29800314,1053.7,56.05116952,37.29704397,1055.1,67.12,67.14,0.15,1.50,2.00,8,1,1
40.00,56.05060472,37.29896382,1050.2,56.05085511,37.29801911,1051.4,65.01,65.02,0.08,1.50,2.00,8,1,1
41.00,56.05027276,37.29993066,1046.6,56.05054070,37.29899424,1047.7,65.41,65.42,0.27,1.50,2.00,8,1,1
42.00,56.04990621,37.30091585,1043.1,56.05022629,37.29996937,1044.1,68.79,68.80,0.24,1.50,2.00,8,1,1
43.00,56.04964215,37.30181218,1039.4,56.04991188,37.30094449,1040.4,61.74,61.75,0.11,1.50,2.00,8,1,1
44.00,56.04936820,37.30280952,1035.9,56.04959747,37.30191960,1036.7,60.93,60.94,0.38,1.50,2.00,8,1,1
45.00,56.04909890,37.30378359,1032.5,56.04928306,37.30289470,1033.1,58.94,58.94,0.11,1.50,2.00,8,1,1
46.00,56.04880620,37.30471545,1029.1,56.04896865,37.30386979,1029.4,55.60,55.60,0.47,1.50,2.00,8,1,1
47.00,56.04847786,37.30566510,1025.4,56.04865424,37.30484488,1025.7,54.64,54.64,0.52,1.50,2.00,8,1,1
48.00,56.04800135,37.30670874,1021.4,56.04833983,37.30581996,1022.1,66.88,66.88,0.44,1.50,2.00,8,1,1
49.00,56.04778744,37.30754662,1017.5,56.04802542,37.30679503,1018.4,53.72,53.72,0.52,1.50,2.00,8,1,1
50.00,56.04755464,37.30846387,1013.4,56.04771101,37.30777009,1014.7,46.51,46.53,0.37,1.50,2.00,8,1,1
51.00,56.04719798,37.30951539,1009.5,56.04739660,37.30874515,1011.1,52.75,52.77,0.33,1.50,2.00,8,1,1
52.00,56.04685630,37.31052610,1005.7,56.04708219,37.30972019,1007.4,56.06,56.09,0.23,1.50,2.00,8,1,1
53.00,56.04645052,37.31162235,1002.0,56.04676778,37.31069523,1003.7,67.60,67.62,0.29,1.50,2.00,8,1,1
54.00,56.04604057,37.31259649,998.3,56.04645337,37.31167026,1000.1,73.67,73.70,0.13,1.50,2.00,8,1,1
55.00,56.04573012,37.31359839,994.7,56.04613896,37.31264528,996.4,74.72,74.74,0.34,1.50,2.00,8,1,1
56.00,56.04529015,37.31467990,991.1,56.04582455,37.31362030,992.7,88.77,88.78,0.08,1.50,2.00,8,1,1
57.00,56.04499545,37.31564192,987.5,56.04551014,37.31459531,989.0,86.70,86.72,0.30,1.50,2.00,8,1,1
58.00,56.04453254,37.31667352,984.2,56.04519573,37.31557031,985.4,100.77,100.78,0.16,1.50,2.00,8,1,1
59.00,56.04417833,37.31764839,980.8,56.04488132,37.31654530,981.7,104.06,104.06,0.23,1.50,2.00,8,1,1
60.00,56.04393197,37.31858697,977.2,56.04456691,37.31752028,978.0,96.93,96.93,0.20,1.50,2.00,8,1,1
61.00,56.04368394,37.31955136,973.8,56.04425250,37.31849525,974.4,91.20,91.20,0.31,1.50,2.00,8,1,1
62.00,56.04343038,37.32047369,970.4,56.04393809,37.31947022,970.7,84.19,84.19,0.57,1.50,2.00,8,1,1
63.00,56.04315765,37.32136040,967.3,56.04362368,37.32044518,967.0,77.01,77.01,0.50,1.50,2.00,8,1,1
64.00,56.04290719,37.32229090,964.2,56.04330927,37.32142013,963.4,70.25,70.25,0.25,1.50,2.00,8,1,1
65.00,56.04256198,37.32327446,960.9,56.04299486,37.32239508,959.7,72.88,72.89,0.35,1.50,2.00,8,1,1
66.00,56.04223598,37.32418418,957.7,56.04268045,37.32337001,956.0,70.79,70.81,0.35,1.50,2.00,8,1,1
67.00,56.04191833,37.32520748,954.4,56.04236603,37.32434494,952.4,73.22,73.24,0.32,1.50,2.00,8,1,1
68.00,56.04166105,37.32623071,951.2,56.04205162,37.32531986,948.7,71.40,71.45,0.09,1.50,2.00,8,1,1
69.00,56.04128635,37.32718164,947.6,56.04173721,37.32629477,945.0,74.57,74.61,0.25,1.50,2.00,8,1,1
70.00,56.04094617,37.32820790,943.8,56.04142280,37.32726967,941.4,78.86,78.90,0.16,1.50,2.00,8,1,1
71.00,56.04065777,37.32925306,940.2,56.04110839,37.32824457,937.7,80.31,80.35,0.25,1.50,2.00,8,1,1
72.00,56.04037055,37.33022673,936.8,56.04079398,37.32921946,934.0,78.39,78.44,0.15,1.50,2.00,8,1,1
73.00,56.04001061,37.33122889,933.3,56.04047957,37.33019434,930.4,82.85,82.90,0.08,1.50,2.00,8,1,1
74.00,56.03959728,37.33218119,929.8,56.04016516,37.33116921,926.7,89.20,89.25,0.29,1.50,2.00,8,1,1
75.00,56.03926345,37.33315216,926.5,56.03985075,37.33214407,923.0,90.58,90.64,0.32,1.50,2.00,8,1,1
76.00,56.03897197,37.33408945,923.3,56.03953634,37.33311893,919.3,87.12,87.21,0.31,1.50,2.00,8,1,1
77.00,56.03861997,37.33496344,920.1,56.03922193,37.33409378,915.7,86.11,86.22,0.08,1.50,2.00,8,1,1
78.00,56.03836928,37.33608892,916.6,56.03890752,37.33506862,912.0,87.27,87.39,0.26,1.50,2.00,8,1,1
79.00,56.03812640,37.33706246,913.2,56.03859311,37.33604345,908.3,81.94,82.09,0.25,1.50,2.00,8,1,1
80.00,56.03782000,37.33804274,909.5,56.03827870,37.33701827,904.7,81.65,81.79,0.22,1.50,2.00,8,1,1
81.00,56.03751146,37.33914876,905.8,56.03796429,37.33799309,901.0,87.79,87.92,0.31,1.50,2.00,8,1,1
82.00,56.03721877,37.34009314,902.0,56.03764988,37.33896790,897.3,84.85,84.98,0.32,1.50,2.00,8,1,1
83.00,56.03691669,37.34095817,898.2,56.03733547,37.33994270,893.7,78.49,78.63,0.29,1.50,2.00,8,1,1
84.00,56.03658314,37.34191698,894.5,56.03702106,37.34091749,890.0,78.99,79.12,0.49,1.50,2.00,8,1,1
85.00,56.03626153,37.34282232,890.6,56.03670665,37.34189227,886.3,76.16,76.28,0.55,1.50,2.00,8,1,1
86.00,56.03595642,37.34381964,886.8,56.03639224,37.34286705,882.7,76.57,76.68,0.33,1.50,2.00,8,1,1
87.00,56.03565300,37.34483587,883.0,56.03607783,37.34384182,879.0,77.84,77.94,0.33,1.50,2.00,8,1,1
88.00,56.03536135,37.34582386,879.2,56.03576342,37.34481658,875.3,76.99,77.09,0.31,1.50,2.00,8,1,1
89.00,56.03504969,37.34679245,875.5,56.03544901,37.34579133,871.7,76.50,76.60,0.50,1.50,2.00,8,1,1
90.00,56.03475802,37.34783688,871.8,56.03513460,37.34676608,868.0,78.69,78.78,0.42,1.50,2.00,8,1,1
91.00,56.03447390,37.34891055,867.9,56.03482019,37.34774081,864.3,82.33,82.41,0.39,1.50,2.00,8,1,1
92.00,56.03418521,37.34995232,864.1,56.03450578,37.34871554,860.6,84.79,84.86,0.28,1.50,2.00,8,1,1
93.00,56.03389471,37.35094215,860.4,56.03419137,37.34969026,857.0,84.57,84.64,0.43,1.50,2.00,8,1,1
94.00,56.03356760,37.35182445,856.8,56.03387696,37.35066498,853.3,79.91,79.99,0.14,1.50,2.00,8,1,1
95.00,56.03323933,37.35279736,853.3,56.03356255,37.35163968,849.6,80.49,80.57,0.29,1.50,2.00,8,1,1
96.00,56.03292682,37.35368706,850.0,56.03324813,37.35261438,846.0,75.70,75.81,0.32,1.50,2.00,8,1,1
97.00,56.03262321,37.35464797,846.7,56.03293372,37.35358907,842.3,74.38,74.51,0.22,1.50,2.00,8,1,1
98.00,56.03228300,37.35548455,843.4,56.03261931,37.35456375,838.6,68.42,68.59,0.29,1.50,2.00,8,1,1
99.00,56.03197807,37.35651733,840.0,56.03230490,37.35553842,835.0,70.93,71.10,0.34,1.50,2.00,8,1,1
100.00,56.03166321,37.35743259,836.6,56.03199049,37.35651309,831.3,67.81,68.02,0.25,1.50,2.00,8,1,1
101.00,56.03133022,37.35848096,833.3,56.03167608,37.35748774,827.6,72.79,73.01,0.17,1.50,2.00,8,1,1
102.00,56.03099475,37.35940720,829.8,56.03136167,37.35846239,824.0,71.57,71.81,0.22,1.50,2.00,8,1,1
103.00,56.03067936,37.36041230,826.3,56.03104726,37.35943704,820.3,73.19,73.44,0.16,1.50,2.00,8,1,1
104.00,56.03037395,37.36137865,822.9,56.03073285,37.36041167,816.6,72.21,72.48,0.52,1.50,2.00,8,1,1
105.00,56.03007887,37.36240380,819.6,56.03041844,37.36138629,813.0,73.72,74.02,0.26,1.50,2.00,8,1,1
106.00,56.02975857,37.36345205,816.2,56.03010403,37.36236091,809.3,78.01,78.32,0.14,1.50,2.00,8,1,1
107.00,56.02945058,37.36437033,812.7,56.02978962,37.36333552,805.6,74.62,74.95,0.21,1.50,2.00,8,1,1
108.00,56.02914147,37.36536995,809.2,56.02947521,37.36431012,802.0,75.67,76.02,0.43,1.50,2.00,8,1,1
109.00,56.02882229,37.36629823,806.1,56.02916080,37.36528472,798.3,73.45,73.86,0.06,1.50,2.00,8,1,1
110.00,56.02849741,37.36728728,802.6,56.02884639,37.36625930,794.6,74.82,75.24,0.36,1.50,2.00,8,1,1
111.00,56.02818729,37.36828944,799.4,56.02853198,37.36723388,790.9,76.05,76.52,0.47,1.50,2.00,8,1,1
112.00,56.02787472,37.36921883,796.3,56.02821757,37.36820845,787.3,73.53,74.09,0.44,1.50,2.00,8,1,1
113.00,56.02756185,37.37014869,793.0,56.02790316,37.36918301,783.6,71.08,71.70,0.39,1.50,2.00,8,1,1
114.00,56.02724590,37.37108623,789.6,56.02758875,37.37015757,779.9,69.24,69.91,0.40,1.50,2.00,8,1,1
115.00,56.02694411,37.37208273,786.0,56.02727434,37.37113211,776.3,69.63,70.30,0.42,1.50,2.00,8,1,1
116.00,56.02663220,37.37306411,782.1,56.02695993,37.37210665,772.6,69.84,70.48,0.43,1.50,2.00,8,1,1
117.00,56.02633617,37.37382027,778.2,56.02664552,37.37308118,768.9,57.44,58.18,0.51,1.50,2.00,8,1,1
118.00,56.02603058,37.37485440,774.3,56.02633111,37.37405571,765.3,59.90,60.58,0.42,1.50,2.00,8,1,1
119.00,56.02572410,37.37578764,770.6,56.02601670,37.37503022,761.6,57.28,57.98,0.33,1.50,2.00,8,1,1
120.00,56.02541287,37.37681742,767.1,56.02570229,37.37600473,757.9,59.95,60.64,0.13,1.50,2.00,8,1,1
121.00,56.02509664,37.37789085,763.5,56.02538788,37.37697923,754.3,65.32,65.97,0.13,1.50,2.00,8,1,1
122.00,56.02477039,37.37873804,759.9,56.02507347,37.37795372,750.6,59.32,60.05,0.09,1.50,2.00,8,1,1
123.00,56.02446044,37.37973784,756.4,56.02475906,37.37892820,746.9,60.35,61.09,0.30,1.50,2.00,8,1,1
124.00,56.02415718,37.38067144,752.8,56.02444465,37.37990267,743.3,57.54,58.32,0.21,1.50,2.00,8,1,1
125.00,56.02383285,37.38171233,749.1,56.02413023,37.38087714,739.6,61.61,62.34,0.30,1.50,2.00,8,1,1
126.00,56.02352710,37.38266515,745.4,56.02381582,37.38185160,735.9,59.95,60.69,0.25,1.50,2.00,8,1,1
127.00,56.02320649,37.38374311,741.7,56.02350141,37.38282605,732.3,65.82,66.50,0.26,1.50,2.00,8,1,1
128.00,56.02290567,37.38473252,738.0,56.02318700,37.38380049,728.6,65.90,66.57,0.32,1.50,2.00,8,1,1
129.00,56.02258984,37.38579608,734.4,56.02287259,37.38477493,724.9,70.90,71.53,0.44,1.50,2.00,8,1,1
130.00,56.02231302,37.38685755,730.6,56.02255818,37.38574936,721.2,74.15,74.73,0.46,1.50,2.00,8,1,1
131.00,56.02198107,37.38775660,727.0,56.02224377,37.38672378,717.6,70.60,71.22,0.24,1.50,2.00,8,1,1
132.00,56.02165789,37.38871249,723.3,56.02192936,37.38769819,713.9,69.97,70.59,0.25,1.50,2.00,8,1,1
133.00,56.02136390,37.38968776,719.6,56.02161495,37.38867259,710.2,69.06,69.70,0.40,1.50,2.00,8,1,1
134.00,56.02103592,37.39069428,715.8,56.02130054,37.38964699,706.6,71.51,72.10,0.37,1.50,2.00,8,1,1
135.00,56.02072329,37.39153323,712.1,56.02098613,37.39062137,702.9,63.83,64.50,0.22,1.50,2.00,8,1,1
136.00,56.02042072,37.39242862,708.8,56.02067172,37.39159575,699.2,58.87,59.64,0.37,1.50,2.00,8,1,1
137.00,56.02011962,37.39344263,705.5,56.02035731,37.39257012,695.6,60.39,61.20,0.30,1.50,2.00,8,1,1
138.00,56.01982115,37.39455097,702.3,56.02004290,37.39354449,691.9,67.31,68.11,0.11,1.50,2.00,8,1,1
139.00,56.01950389,37.39553384,698.9,56.01972849,37.39451884,688.2,67.92,68.75,0.20,1.50,2.00,8,1,1
140.00,56.01919224,37.39651706,695.6,56.01941408,37.39549319,684.6,68.32,69.21,0.30,1.50,2.00,8,1,1
141.00,56.01883287,37.39748881,692.3,56.01909967,37.39646753,680.9,70.14,71.06,0.16,1.50,2.00,8,1,1
142.00,56.01848423,37.39836380,688.9,56.01878526,37.39744186,677.2,66.43,67.45,0.39,1.50,2.00,8,1,1
143.00,56.01820377,37.39940234,685.3,56.01847085,37.39841619,673.6,68.18,69.18,0.30,1.50,2.00,8,1,1
144.00,56.01785955,37.40027474,681.8,56.01815644,37.39939050,669.9,64.18,65.27,0.17,1.50,2.00,8,1,1
145.00,56.01756181,37.40116555,678.2,56.01784203,37.40036481,666.2,58.78,60.00,0.19,1.50,2.00,8,1,1
146.00,56.01722206,37.40203715,674.8,56.01752762,37.40133911,662.5,55.17,56.52,0.13,1.50,2.00,8,1,1
147.00,56.01689301,37.40305176,671.5,56.01721321,37.40231341,658.9,58.15,59.50,0.16,1.50,2.00,8,1,1
148.00,56.01659215,37.40416384,668.2,56.01689880,37.40328769,655.2,64.32,65.62,0.30,1.50,2.00,8,1,1
149.00,56.01625946,37.40519305,665.0,56.01658439,37.40426197,651.5,68.30,69.62,0.24,1.50,2.00,8,1,1
150.00,56.01586513,37.40616675,661.8,56.01626998,37.40523624,647.9,73.37,74.68,0.19,1.50,2.00,8,1,1
151.00,56.01558122,37.40713510,658.4,56.01595557,37.40621050,644.2,71.04,72.45,0.13,1.50,2.00,8,1,1
152.00,56.01533156,37.40809047,655.0,56.01564116,37.40718475,640.5,66.06,67.62,0.16,1.50,2.00,8,1,1
153.00,56.01500549,37.40906593,651.5,56.01532674,37.40815899,636.9,66.81,68.39,0.06,1.50,2.00,8,1,1
154.00,56.01468401,37.41015247,648.0,56.01501233,37.40913323,633.2,73.20,74.68,0.28,1.50,2.00,8,1,1
155.00,56.01434355,37.41107841,644.7,56.01469792,37.41010746,629.5,72.16,73.72,0.26,1.50,2.00,8,1,1
156.00,56.01409279,37.41216021,641.4,56.01438351,37.41108168,625.9,74.51,76.11,0.30,1.50,2.00,8,1,1
157.00,56.01372283,37.41314343,638.2,56.01406910,37.41205589,622.2,77.88,79.51,0.19,1.50,2.00,8,1,1
158.00,56.01340563,37.41406434,634.9,56.01375469,37.41303010,618.5,75.18,76.95,0.57,1.50,2.00,8,1,1
159.00,56.01310162,37.41500857,631.8,56.01344028,37.41400430,614.9,72.98,74.93,0.61,1.50,2.00,8,1,1
160.00,56.01284341,37.41593509,628.8,56.01312587,37.41497848,611.2,67.32,69.59,0.54,1.50,2.00,8,1,1
161.00,56.01249330,37.41682576,625.7,56.01281146,37.41595267,607.5,64.86,67.35,0.42,1.50,2.00,8,1,1
162.00,56.01213598,37.41784034,622.5,56.01249705,37.41692684,603.9,69.62,72.08,0.28,1.50,2.00,8,1,1
163.00,56.01180406,37.41884900,619.3,56.01218264,37.41790101,600.2,72.50,74.98,0.43,1.50,2.00,8,1,1
164.00,56.01150636,37.41982879,616.2,56.01186823,37.41887516,596.5,71.73,74.37,0.27,1.50,2.00,8,1,1
165.00,56.01122714,37.42089399,613.0,56.01155382,37.41984931,592.8,74.49,77.16,0.31,1.50,2.00,8,1,1
166.00,56.01092425,37.42188249,609.8,56.01123941,37.42082345,589.2,74.66,77.45,0.26,1.50,2.00,8,1,1
167.00,56.01057784,37.42289002,606.6,56.01092500,37.42179759,585.5,78.20,80.99,0.28,1.50,2.00,8,1,1
168.00,56.01024303,37.42382246,603.3,56.01061059,37.42277171,581.8,77.14,80.06,0.18,1.50,2.00,8,1,1
169.00,56.00991289,37.42477939,599.7,56.01029618,37.42374583,578.2,77.19,80.12,0.19,1.50,2.00,8,1,1
170.00,56.00976479,37.42570911,596.1,56.00998177,37.42471994,574.5,66.13,69.58,0.15,1.50,2.00,8,1,1
171.00,56.00943320,37.42658160,592.7,56.00966736,37.42569404,570.8,61.08,64.88,0.35,1.50,2.00,8,1,1
172.00,56.00908050,37.42759676,589.2,56.00935295,37.42666814,567.2,65.27,68.88,0.42,1.50,2.00,8,1,1
173.00,56.00878480,37.42856048,585.7,56.00903854,37.42764222,563.5,63.75,67.50,0.21,1.50,2.00,8,1,1
174.00,56.00845661,37.42958154,582.1,56.00872413,37.42861630,559.8,67.05,70.66,0.32,1.50,2.00,8,1,1
175.00,56.00816946,37.43059424,579.0,56.00840972,37.42959037,556.2,67.96,71.70,0.37,1.50,2.00,8,1,1
176.00,56.00789840,37.43151684,575.9,56.00809531,37.43056444,552.5,63.20,67.39,0.32,1.50,2.00,8,1,1
177.00,56.00760945,37.43248008,572.7,56.00778090,37.43153849,548.8,61.63,66.10,0.33,1.50,2.00,8,1,1
178.00,56.00732879,37.43344636,569.5,56.00746649,37.43251254,545.2,60.11,64.84,0.37,1.50,2.00,8,1,1
179.00,56.00697407,37.43445175,566.4,56.00715208,37.43348657,541.5,63.25,67.99,0.16,1.50,2.00,8,1,1
180.00,56.00666501,37.43541649,563.0,56.00683767,37.43446061,537.8,62.52,67.41,0.14,1.50,2.00,8,1,1
181.00,56.00635343,37.43632186,559.5,56.00652326,37.43543463,534.1,58.37,63.63,0.10,1.50,2.00,8,1,1
182.00,56.00600331,37.43732764,556.0,56.00620884,37.43640864,530.5,61.60,66.69,0.13,1.50,2.00,8,1,1
183.00,56.00566970,37.43829995,552.6,56.00589443,37.43738265,526.8,62.33,67.45,0.07,1.50,2.00,8,1,1
184.00,56.00535261,37.43924017,549.2,56.00558002,37.43835665,523.1,60.54,65.91,0.13,1.50,2.00,8,1,1
185.00,56.00504229,37.44014876,545.7,56.00526561,37.43933064,519.5,56.67,62.43,0.44,1.50,2.00,8,1,1
186.00,56.00471836,37.44113666,542.4,56.00495120,37.44030462,515.8,57.91,63.72,0.31,1.50,2.00,8,1,1
187.00,56.00440176,37.44214150,539.2,56.00463679,37.44127860,512.1,59.74,65.60,0.50,1.50,2.00,8,1,1
188.00,56.00405900,37.44315689,536.3,56.00432238,37.44225257,508.5,63.47,69.28,0.30,1.50,2.00,8,1,1
189.00,56.00375864,37.44412423,533.1,56.00400797,37.44322653,504.8,62.39,68.51,0.29,1.50,2.00,8,1,1
190.00,56.00343605,37.44515702,530.0,56.00369356,37.44420048,501.1,66.08,72.09,0.31,1.50,2.00,8,1,1
191.00,56.00309542,37.44624981,526.6,56.00337915,37.44517442,497.5,74.01,79.55,0.37,1.50,2.00,8,1,1
192.00,56.00276216,37.44721300,523.3,56.00306474,37.44614836,493.8,74.34,79.99,0.30,1.50,2.00,8,1,1
193.00,56.00243326,37.44814605,520.0,56.00275033,37.44712228,490.1,72.85,78.73,0.28,1.50,2.00,8,1,1
194.00,56.00215890,37.44902797,516.8,56.00243592,37.44809620,486.5,65.69,72.35,0.29,1.50,2.00,8,1,1
195.00,56.00184771,37.45009792,513.2,56.00212151,37.44907012,482.8,70.87,77.12,0.35,1.50,2.00,8,1,1
196.00,56.00150691,37.45111501,509.5,56.00180710,37.45004402,479.1,74.57,80.52,0.28,1.50,2.00,8,1,1
197.00,56.00120487,37.45203773,505.8,56.00149269,37.45101792,475.5,71.11,77.32,0.19,1.50,2.00,8,1,1
198.00,56.00090692,37.45295849,502.3,56.00117828,37.45199180,471.8,67.33,73.91,0.15,1.50,2.00,8,1,1
199.00,56.00057920,37.45392803,498.8,56.00086387,37.45296568,468.1,67.77,74.39,0.18,1.50,2.00,8,1,1
200.00,56.00030507,37.45479571,495.3,56.00054946,37.45393956,464.4,59.84,67.34,0.15,1.50,2.00,8,1,1
201.00,56.00002085,37.45570099,491.8,56.00023505,37.45491342,460.8,54.52,62.74,0.32,1.50,2.00,8,1,1
202.00,55.99973851,37.45669370,488.3,55.99992064,37.45588728,457.1,54.14,62.49,0.33,1.50,2.00,8,1,1
203.00,55.99941957,37.45767047,485.0,55.99960623,37.45686113,453.4,54.50,62.98,0.49,1.50,2.00,8,1,1
204.00,55.99904451,37.45867967,481.7,55.99929182,37.45783497,449.8,59.35,67.38,0.37,1.50,2.00,8,1,1
205.00,55.99867091,37.45979438,478.4,55.99897741,37.45880880,446.1,70.20,77.28,0.34,1.50,2.00,8,1,1
206.00,55.99833923,37.46091389,475.0,55.99866300,37.45978262,442.4,79.11,85.56,0.23,1.50,2.00,8,1,1
207.00,55.99808443,37.46181889,471.6,55.99834859,37.46075644,438.8,72.38,79.50,0.15,1.50,2.00,8,1,1
208.00,55.99771522,37.46279363,468.3,55.99803418,37.46173025,435.1,75.12,82.12,0.17,1.50,2.00,8,1,1
209.00,55.99743549,37.46368274,465.0,55.99771977,37.46270405,431.4,68.65,76.40,0.53,1.50,2.00,8,1,1
210.00,55.99717557,37.46459788,461.5,55.99740536,37.46367784,427.8,62.73,71.21,0.19,1.50,2.00,8,1,1
211.00,55.99678160,37.46565182,458.1,55.99709094,37.46465163,424.1,71.15,78.87,0.19,1.50,2.00,8,1,1
212.00,55.99640062,37.46669257,454.8,55.99677653,37.46562540,420.4,78.52,85.73,0.29,1.50,2.00,8,1,1
213.00,55.99604334,37.46774662,451.5,55.99646212,37.46659917,416.8,85.30,92.10,0.36,1.50,2.00,8,1,1
214.00,55.99569159,37.46873707,448.0,55.99614771,37.46757294,413.1,88.49,95.14,0.29,1.50,2.00,8,1,1
215.00,55.99544156,37.46960177,444.6,55.99583330,37.46854669,409.4,78.84,86.33,0.28,1.50,2.00,8,1,1
216.00,55.99511430,37.47060869,441.2,55.99551889,37.46952043,405.7,81.36,88.76,0.37,1.50,2.00,8,1,1
217.00,55.99482800,37.47155535,438.1,55.99520448,37.47049417,402.1,78.24,86.11,0.35,1.50,2.00,8,1,1
218.00,55.99450133,37.47247087,434.7,55.99489007,37.47146790,398.4,75.97,84.20,0.37,1.50,2.00,8,1,1
219.00,55.99418881,37.47344749,431.4,55.99457566,37.47244162,394.7,76.00,84.39,0.30,1.50,2.00,8,1,1
220.00,55.99391938,37.47425210,428.1,55.99426125,37.47341534,391.1,64.52,74.37,0.17,1.50,2.00,8,1,1
221.00,55.99363240,37.47522553,424.7,55.99394684,37.47438904,387.4,62.75,73.01,0.34,1.50,2.00,8,1,1
222.00,55.99328920,37.47621433,421.4,55.99363243,37.47536274,383.7,65.35,75.45,0.46,1.50,2.00,8,1,1
223.00,55.99292668,37.47723560,418.0,55.99331802,37.47633643,380.1,70.94,80.45,0.15,1.50,2.00,8,1,1
224.00,55.99258515,37.47834015,414.6,55.99300361,37.47731011,376.4,79.26,87.99,0.40,1.50,2.00,8,1,1
225.00,55.99227313,37.47941504,410.9,55.99268920,37.47828379,372.7,84.30,92.52,0.44,1.50,2.00,8,1,1
226.00,55.99202402,37.48027902,407.2,55.99237479,37.47925745,369.1,74.63,83.81,0.32,1.50,2.00,8,1,1
227.00,55.99171788,37.48119887,403.5,55.99206038,37.48023111,365.4,71.30,80.86,0.26,1.50,2.00,8,1,1
228.00,55.99137190,37.48220053,400.1,55.99174597,37.48120476,361.7,74.69,83.96,0.24,1.50,2.00,8,1,1
229.00,55.99103932,37.48323960,396.8,55.99143156,37.48217840,358.1,79.20,88.18,0.11,1.50,2.00,8,1,1
230.00,55.99070847,37.48424356,393.4,55.99111715,37.48315204,354.4,81.78,90.61,0.17,1.50,2.00,8,1,1
231.00,55.99044127,37.48526052,390.0,55.99080274,37.48412567,350.7,81.31,90.29,0.20,1.50,2.00,8,1,1
232.00,55.99015345,37.48622114,386.7,55.99048833,37.48509928,347.1,79.18,88.54,0.11,1.50,2.00,8,1,1
233.00,55.98986377,37.48718430,383.3,55.99017392,37.48607290,343.4,77.34,87.02,0.34,1.50,2.00,8,1,1
234.00,55.98955949,37.48810365,380.0,55.98985951,37.48704650,339.7,73.81,84.07,0.34,1.50,2.00,8,1,1
235.00,55.98927232,37.48903703,376.6,55.98954510,37.48802009,336.0,70.23,81.11,0.13,1.50,2.00,8,1,1
236.00,55.98901620,37.48999835,373.3,55.98923069,37.48899368,332.4,66.96,78.47,0.14,1.50,2.00,8,1,1
237.00,55.98874657,37.49087556,369.9,55.98891628,37.48996726,328.7,59.63,72.50,0.30,1.50,2.00,8,1,1
238.00,55.98844899,37.49183994,366.7,55.98860187,37.49094083,325.0,58.51,71.86,0.23,1.50,2.00,8,1,1
239.00,55.98803927,37.49289996,363.5,55.98828745,37.49191439,321.4,67.30,79.42,0.44,1.50,2.00,8,1,1
240.00,55.98768514,37.49393180,360.4,55.98797304,37.49288795,317.7,72.47,84.12,0.19,1.50,2.00,8,1,1
241.00,55.98738905,37.49487836,357.2,55.98765863,37.49386150,314.0,70.07,82.28,0.10,1.50,2.00,8,1,1
242.00,55.98708661,37.49590816,353.9,55.98734422,37.49483504,310.4,72.72,84.75,0.26,1.50,2.00,8,1,1
243.00,55.98684263,37.49684300,350.7,55.98702981,37.49580857,306.7,67.70,80.76,0.33,1.50,2.00,8,1,1
244.00,55.98656225,37.49782771,347.3,55.98671540,37.49678209,303.0,67.31,80.54,0.29,1.50,2.00,8,1,1
245.00,55.98623332,37.49879934,343.9,55.98640099,37.49775561,299.4,67.62,80.95,0.38,1.50,2.00,8,1,1
246.00,55.98590626,37.49979626,340.3,55.98608658,37.49872912,295.7,69.42,82.51,0.28,1.50,2.00,8,1,1
247.00,55.98561659,37.50077803,336.8,55.98577217,37.49970262,292.0,69.17,82.40,0.18,1.50,2.00,8,1,1
248.00,55.98530728,37.50168499,333.4,55.98545776,37.50067611,288.4,65.02,79.09,0.29,1.50,2.00,8,1,1
249.00,55.98500363,37.50264970,329.9,55.98514335,37.50164959,284.7,64.19,78.50,0.29,1.50,2.00,8,1,1
250.00,55.98467509,37.50359712,326.4,55.98482894,37.50262307,281.0,63.03,77.67,0.26,1.50,2.00,8,1,1
251.00,55.98427188,37.50461715,322.9,55.98451453,37.50359654,277.4,69.06,82.70,0.30,1.50,2.00,8,1,1
252.00,55.98390885,37.50558231,319.3,55.98420012,37.50457000,273.7,70.89,84.27,0.28,1.50,2.00,8,1,1
253.00,55.98352688,37.50655436,315.6,55.98388571,37.50554345,270.0,74.56,87.40,0.32,1.50,2.00,8,1,1
254.00,55.98313027,37.50750812,312.2,55.98357130,37.50651689,266.3,78.87,91.24,0.30,1.50,2.00,8,1,1
255.00,55.98293191,37.50844057,309.0,55.98325689,37.50749033,262.7,69.36,83.41,0.57,1.50,2.00,8,1,1
256.00,55.98259801,37.50942300,306.2,55.98294248,37.50846376,259.0,70.99,85.24,0.49,1.50,2.00,8,1,1
257.00,55.98221483,37.51038854,303.3,55.98262807,37.50943718,255.3,75.01,89.05,0.35,1.50,2.00,8,1,1
258.00,55.98194279,37.51137213,300.3,55.98231366,37.51041059,251.7,72.73,87.51,0.33,1.50,2.00,8,1,1
259.00,55.98156992,37.51230455,297.2,55.98199925,37.51138400,248.0,74.64,89.37,0.46,1.50,2.00,8,1,1
260.00,55.98121980,37.51325053,293.9,55.98168484,37.51235740,244.3,75.99,90.75,0.28,1.50,2.00,8,1,1
261.00,55.98095108,37.51422664,290.8,55.98137043,37.51333079,240.7,72.75,88.37,0.43,1.50,2.00,8,1,1
262.00,55.98066455,37.51521421,287.6,55.98105602,37.51430417,237.0,71.49,87.60,0.33,1.50,2.00,8,1,1
263.00,55.98036780,37.51621193,284.5,55.98074161,37.51527754,233.3,71.54,87.95,0.24,1.50,2.00,8,1,1
264.00,55.98013744,37.51725069,281.4,55.98042720,37.51625091,229.7,70.13,87.14,0.16,1.50,2.00,8,1,1
265.00,55.97981672,37.51822091,278.2,55.98011279,37.51722426,226.0,70.28,87.52,0.32,1.50,2.00,8,1,1
266.00,55.97943770,37.51911913,274.9,55.97979838,37.51819761,222.3,70.04,87.59,0.25,1.50,2.00,8,1,1
267.00,55.97911113,37.52013302,271.7,55.97948397,37.51917095,218.7,72.89,90.18,0.25,1.50,2.00,8,1,1
268.00,55.97881010,37.52113148,268.6,55.97916955,37.52014429,215.0,73.36,90.87,0.20,1.50,2.00,8,1,1
269.00,55.97854976,37.52217488,265.3,55.97885514,37.52111761,211.3,74.11,91.71,0.37,1.50,2.00,8,1,1
270.00,55.97825285,37.52326434,262.1,55.97854073,37.52209093,207.6,79.80,96.59,0.53,1.50,2.00,8,1,1
271.00,55.97795695,37.52423959,258.7,55.97822632,37.52306424,204.0,79.11,96.18,0.54,1.50,2.00,8,1,1
272.00,55.97763863,37.52507500,255.4,55.97791191,37.52403754,200.3,71.42,90.18,0.20,1.50,2.00,8,1,1
273.00,55.97731246,37.52612777,252.0,55.97759750,37.52501084,196.6,76.46,94.38,0.37,1.50,2.00,8,1,1
274.00,55.97694800,37.52694339,248.4,55.97728309,37.52598413,193.0,70.44,89.60,0.19,1.50,2.00,8,1,1
275.00,55.97657699,37.52777739,244.9,55.97696868,37.52695740,189.3,67.15,87.21,0.24,1.50,2.00,8,1,1
276.00,55.97625272,37.52875311,241.7,55.97665427,37.52793067,185.6,67.99,88.13,0.28,1.50,2.00,8,1,1
277.00,55.97594685,37.52970093,238.3,55.97633986,37.52890394,182.0,66.17,86.87,0.24,1.50,2.00,8,1,1
278.00,55.97564427,37.53073066,234.9,55.97602545,37.52987719,178.3,68.02,88.48,0.28,1.50,2.00,8,1,1
279.00,55.97532999,37.53179387,231.4,55.97571104,37.53085044,174.6,72.47,92.03,0.07,1.50,2.00,8,1,1
280.00,55.97499988,37.53264330,228.0,55.97539663,37.53182368,171.0,67.51,88.37,0.19,1.50,2.00,8,1,1
281.00,55.97469011,37.53362567,224.8,55.97508222,37.53279691,167.3,67.60,88.74,0.13,1.50,2.00,8,1,1
282.00,55.97438251,37.53458071,221.5,55.97476781,37.53377013,163.6,66.25,87.96,0.33,1.50,2.00,8,1,1
283.00,55.97415035,37.53556905,218.5,55.97445340,37.53474335,160.0,61.51,84.92,0.35,1.50,2.00,8,1,1
284.00,55.97384216,37.53657107,215.5,55.97413899,37.53571655,156.3,62.65,86.22,0.36,1.50,2.00,8,1,1
285.00,55.97353027,37.53760421,212.6,55.97382458,37.53668975,152.6,65.71,88.94,0.49,1.50,2.00,8,1,1
286.00,55.97316756,37.53873884,209.5,55.97351017,37.53766294,149.0,77.11,98.06,0.61,1.50,2.00,8,1,1
287.00,55.97285148,37.53962036,206.7,55.97319576,37.53863613,145.3,72.30,94.85,0.46,1.50,2.00,8,1,1
288.00,55.97255057,37.54067293,203.8,55.97288135,37.53960930,141.6,75.80,98.02,0.40,1.50,2.00,8,1,1
289.00,55.97222118,37.54152498,200.6,55.97256694,37.54058247,137.9,70.20,94.12,0.36,1.50,2.00,8,1,1
290.00,55.97185522,37.54254972,197.4,55.97225253,37.54155563,134.3,76.10,98.88,0.30,1.50,2.00,8,1,1
291.00,55.97151021,37.54353103,194.0,55.97193812,37.54252878,130.6,78.53,100.89,0.30,1.50,2.00,8,1,1
292.00,55.97122431,37.54455102,190.4,55.97162371,37.54350193,126.9,79.04,101.38,0.35,1.50,2.00,8,1,1
293.00,55.97092371,37.54545464,186.8,55.97130930,37.54447506,123.3,74.61,98.02,0.23,1.50,2.00,8,1,1
294.00,55.97059403,37.54620736,183.4,55.97099489,37.54544819,119.6,65.02,91.09,0.21,1.50,2.00,8,1,1
295.00,55.97028731,37.54722683,179.9,55.97068048,37.54642131,115.9,66.59,92.33,0.44,1.50,2.00,8,1,1
296.00,55.96999832,37.54821646,176.2,55.97036606,37.54739442,112.3,65.56,91.59,0.31,1.50,2.00,8,1,1
297.00,55.96969366,37.54923795,172.7,55.97005165,37.54836753,108.6,67.29,92.90,0.15,1.50,2.00,8,1,1
298.00,55.96938791,37.55024209,169.2,55.96973724,37.54934062,104.9,68.31,93.80,0.29,1.50,2.00,8,1,1
299.00,55.96909608,37.55117754,165.9,55.96942283,37.55031371,101.3,64.96,91.65,0.46,1.50,2.00,8,1,1
300.00,55.96874635,37.55216838,162.3,55.96910842,37.55128679,97.6,68.13,93.96,0.28,1.50,2.00,8,0,1
301.00,55.96846381,37.55305597,159.1,55.96879401,37.55225987,93.9,61.73,89.80,0.25,1.50,2.00,8,0,1
302.00,55.96817908,37.55401452,155.9,55.96847960,37.55323293,90.3,59.08,88.33,0.32,1.50,2.00,8,0,1
303.00,55.96781901,37.55504103,152.6,55.96816519,37.55420599,86.6,64.74,92.44,0.13,1.50,2.00,8,0,1
304.00,55.96751865,37.55604506,149.3,55.96785078,37.55517904,82.9,65.41,93.17,0.32,1.50,2.00,8,0,1
305.00,55.96716936,37.55712691,146.2,55.96753637,37.55615208,79.2,73.20,99.18,0.56,1.50,2.00,8,0,1
306.00,55.96685070,37.55802741,142.9,55.96722196,37.55712511,75.6,69.77,96.94,0.53,1.50,2.00,8,0,1
307.00,55.96654109,37.55893338,139.8,55.96690755,37.55809814,71.9,66.12,94.74,0.44,1.50,2.00,8,0,1
308.00,55.96622675,37.55995984,136.6,55.96659314,37.55907116,68.2,68.77,96.99,0.59,1.50,2.00,8,0,1
309.00,55.96589688,37.56105909,133.8,55.96627873,37.56004416,64.6,76.19,102.91,0.29,1.50,2.00,8,0,1
310.00,55.96558739,37.56192249,130.7,55.96596432,37.56101717,60.9,70.30,99.07,0.48,1.50,2.00,8,0,1
311.00,55.96530831,37.56290580,127.5,55.96564991,37.56199016,57.2,68.56,98.14,0.37,1.50,2.00,8,0,1
312.00,55.96498680,37.56383045,124.0,55.96533550,37.56296315,53.6,66.53,96.92,0.19,1.50,2.00,8,0,1
313.00,55.96464571,37.56484010,120.7,55.96502109,37.56393612,49.9,70.13,99.69,0.30,1.50,2.00,8,0,1
314.00,55.96439010,37.56578709,117.5,55.96470668,37.56490909,46.2,65.07,96.52,0.36,1.50,2.00,8,0,1
315.00,55.96411269,37.56672488,114.2,55.96439227,37.56588206,42.6,61.04,94.12,0.52,1.50,2.00,8,0,1
316.00,55.96379733,37.56774653,110.8,55.96407786,37.56685501,38.9,63.72,96.08,0.59,1.50,2.00,8,0,1
317.00,55.96345910,37.56865402,107.3,55.96376345,37.56782796,35.2,61.62,94.84,0.46,1.50,2.00,8,0,1
318.00,55.96312194,37.56951964,104.1,55.96344904,37.56880089,31.6,57.72,92.71,0.29,1.50,2.00,8,0,1
319.00,55.96280806,37.57048767,100.7,55.96313463,37.56977383,27.9,57.44,92.71,0.30,1.50,2.00,8,0,1
320.00,55.96252046,37.57141729,97.3,55.96282022,37.57074675,24.2,53.47,90.57,0.26,1.50,2.00,8,0,1
321.00,55.96218630,37.57248855,94.1,55.96250581,37.57171966,20.6,59.67,94.71,0.27,1.50,2.00,8,0,1
322.00,55.96187642,37.57346401,90.8,55.96219140,37.57269257,16.9,59.50,94.92,0.64,1.50,2.00,8,0,1
323.00,55.96162578,37.57439031,87.5,55.96187699,37.57366547,13.2,53.12,91.33,0.68,1.50,2.00,8,0,1
324.00,55.96135719,37.57548562,84.2,55.96156258,37.57463836,9.5,57.53,94.28,0.38,1.50,2.00,8,0,1
325.00,55.96104393,37.57640260,81.0,55.96124816,37.57561124,5.9,54.30,92.71,0.62,1.50,2.00,8,0,1
326.00,55.96075943,37.57733080,77.4,55.96093375,37.57658412,2.2,50.41,90.54,0.52,1.50,2.00,8,0,1
327.00,55.96039256,37.57829529,74.0,55.96061934,37.57755698,-1.5,52.48,91.89,0.46,1.50,2.00,8,0,1
328.00,55.96007520,37.57929136,70.5,55.96030493,37.57852984,-5.1,53.90,92.86,0.39,1.50,2.00,8,0,1
329.00,55.95977761,37.58037131,67.1,55.95999052,37.57950270,-8.8,59.09,96.21,0.15,1.50,2.00,8,0,1
330.00,55.95946998,37.58133899,63.8,55.95967611,37.58047554,-12.5,58.49,96.10,0.22,1.50,2.00,8,0,1
331.00,55.95921861,37.58229321,60.5,55.95936170,37.58144837,-16.1,55.00,94.30,0.42,1.50,2.00,8,0,1
332.00,55.95887841,37.58326102,57.3,55.95904729,37.58242120,-19.8,55.61,95.04,0.40,1.50,2.00,8,0,1
333.00,55.95857984,37.58423137,54.2,55.95873288,37.58339402,-23.5,54.89,95.09,0.51,1.50,2.00,8,0,1
334.00,55.95826771,37.58529061,51.2,55.95841847,37.58436683,-27.1,59.96,98.66,0.32,1.50,2.00,8,0,1
335.00,55.95791705,37.58627855,47.9,55.95810406,37.58533964,-30.8,62.10,100.27,0.32,1.50,2.00,8,0,1
336.00,55.95756799,37.58723851,44.6,55.95778965,37.58631243,-34.5,62.76,100.93,0.16,1.50,2.00,8,0,1
337.00,55.95725927,37.58825813,41.2,55.95747524,37.58728522,-38.1,65.22,102.71,0.17,1.50,2.00,8,0,1
338.00,55.95691150,37.58918342,38.0,55.95716083,37.58825800,-41.8,64.00,102.32,0.24,1.50,2.00,8,0,1
339.00,55.95660100,37.59018702,34.8,55.95684642,37.58923078,-45.5,65.56,103.66,0.45,1.50,2.00,8,0,1
340.00,55.95624999,37.59124549,31.7,55.95653201,37.59020354,-49.1,72.12,108.34,0.22,1.50,2.00,8,0,1
341.00,55.95592430,37.59216721,28.6,55.95621760,37.59117630,-52.8,69.85,107.30,0.31,1.50,2.00,8,0,1
342.00,55.95562889,37.59307407,25.3,55.95590319,37.59214905,-56.5,65.24,104.65,0.53,1.50,2.00,8,0,1
343.00,55.95525052,37.59405869,22.2,55.95558878,37.59312179,-60.2,69.48,107.71,0.24,1.50,2.00,8,0,1
344.00,55.95497600,37.59498048,18.9,55.95527437,37.59409452,-63.8,64.43,104.85,0.21,1.50,2.00,8,0,1
345.00,55.95466338,37.59587297,15.5,55.95495996,37.59506724,-67.5,60.10,102.43,0.25,1.50,2.00,8,0,1
346.00,55.95437054,37.59700225,12.1,55.95464555,37.59603996,-71.2,67.33,107.07,0.52,1.50,2.00,8,0,1
347.00,55.95411358,37.59797328,8.8,55.95433114,37.59701267,-74.8,64.58,105.65,0.47,1.50,2.00,8,0,1
348.00,55.95381879,37.59887064,5.5,55.95401673,37.59798537,-78.5,59.41,102.87,0.89,1.50,2.00,8,0,1
349.00,55.95352201,37.59982112,2.5,55.95370232,37.59895807,-82.2,57.41,102.27,0.53,1.50,2.00,8,0,1
350.00,55.95316533,37.60082053,-0.6,55.95338791,37.59993075,-85.8,60.74,104.67,0.67,1.50,2.00,8,0,1
351.00,55.95285668,37.60175423,-4.1,55.95307350,37.60090343,-89.5,58.26,103.40,0.50,1.50,2.00,8,0,1
352.00,55.95256111,37.60266702,-7.6,55.95275909,37.60187610,-93.2,54.00,101.20,0.29,1.50,2.00,8,0,1
353.00,55.95225401,37.60365457,-10.9,55.95244468,37.60284876,-96.8,54.52,101.76,0.57,1.50,2.00,8,0,1
354.00,55.95189937,37.60464592,-14.1,55.95213026,37.60382141,-100.5,57.46,103.78,0.41,1.50,2.00,8,0,1
355.00,55.95154328,37.60564412,-17.3,55.95181585,37.60479406,-104.2,61.06,106.22,0.26,1.50,2.00,8,0,1
356.00,55.95119495,37.60656942,-20.5,55.95150144,37.60576670,-107.8,60.56,106.28,0.35,1.50,2.00,8,0,1
357.00,55.95084622,37.60760778,-23.8,55.95118703,37.60673933,-111.5,66.10,109.85,0.17,1.50,2.00,8,0,1
358.00,55.95057525,37.60871137,-27.0,55.95087262,37.60771195,-115.2,70.54,112.95,0.27,1.50,2.00,8,0,1
359.00,55.95022267,37.60970695,-30.0,55.95055821,37.60868457,-118.9,73.86,115.53,0.26,1.50,2.00,8,0,1
360.00,55.94986886,37.61059016,-33.1,55.95024380,37.60965717,-122.5,71.58,114.53,0.18,1.50,2.00,8,0,1
361.00,55.94956509,37.61153357,-36.3,55.94992939,37.61062977,-126.2,69.41,113.55,0.52,1.50,2.00,8,0,1
362.00,55.94926214,37.61260265,-39.6,55.94961498,37.61160236,-129.9,73.69,116.53,0.50,1.50,2.00,8,0,1
363.00,55.94892212,37.61375799,-42.9,55.94930057,37.61257494,-133.5,84.93,124.17,0.61,1.50,2.00,8,0,1
364.00,55.94861981,37.61467290,-46.3,55.94898616,37.61354752,-137.2,81.14,121.84,0.47,1.50,2.00,8,0,1
365.00,55.94826911,37.61561641,-49.6,55.94867175,37.61452009,-140.9,81.72,122.52,0.17,1.50,2.00,8,0,1
366.00,55.94798291,37.61656621,-52.9,55.94835734,37.61549265,-144.5,78.84,120.85,0.31,1.50,2.00,8,0,1
367.00,55.94770860,37.61757280,-56.1,55.94804293,37.61646520,-148.2,78.43,120.99,0.39,1.50,2.00,8,0,1
368.00,55.94741402,37.61845032,-59.2,55.94772852,37.61743774,-151.9,72.18,117.49,0.21,1.50,2.00,8,0,1
369.00,55.94711264,37.61945033,-62.5,55.94741411,37.61841028,-155.5,73.00,118.27,0.45,1.50,2.00,8,0,1
370.00,55.94681161,37.62055676,-65.9,55.94709970,37.61938280,-159.2,79.90,122.88,0.73,1.50,2.00,8,0,1
371.00,55.94651705,37.62140534,-68.9,55.94678529,37.62035532,-162.9,71.94,118.32,0.44,1.50,2.00,8,0,1
372.00,55.94621538,37.62232675,-71.9,55.94647088,37.62132783,-166.5,68.46,116.83,0.24,1.50,2.00,8,0,1
373.00,55.94586609,37.62330535,-75.0,55.94615647,37.62230034,-170.2,70.50,118.45,0.33,1.50,2.00,8,0,1
374.00,55.94554166,37.62430811,-78.2,55.94584206,37.62327283,-173.9,72.69,120.16,0.28,1.50,2.00,8,0,1
375.00,55.94518004,37.62530768,-81.6,55.94552765,37.62424532,-177.5,76.70,122.85,0.22,1.50,2.00,8,0,1
376.00,55.94484595,37.62621540,-84.9,55.94521324,37.62521780,-181.2,74.42,121.70,0.65,1.50,2.00,8,0,1
377.00,55.94452788,37.62720049,-88.1,55.94489883,37.62619028,-184.9,75.31,122.62,0.16,1.50,2.00,8,0,1
378.00,55.94423296,37.62825137,-91.2,55.94458442,37.62716274,-188.6,78.33,124.94,0.79,1.50,2.00,8,0,1
379.00,55.94385927,37.62910145,-94.2,55.94427001,37.62813520,-192.2,75.62,123.83,0.40,1.50,2.00,8,0,1
380.00,55.94356090,37.63007082,-97.2,55.94395560,37.62910764,-195.9,74.40,123.62,0.19,1.50,2.00,8,0,1
381.00,55.94323127,37.63101814,-100.4,55.94364119,37.63008009,-199.6,74.18,123.79,0.18,1.50,2.00,8,0,1
382.00,55.94293737,37.63196267,-103.6,55.94332677,37.63105252,-203.2,71.40,122.56,0.21,1.50,2.00,8,0,1
383.00,55.94258094,37.63295452,-106.8,55.94301236,37.63202494,-206.9,75.26,125.22,0.24,1.50,2.00,8,0,1
384.00,55.94226308,37.63386845,-110.1,55.94269795,37.63299736,-210.6,72.75,124.01,0.23,1.50,2.00,8,0,1
385.00,55.94193990,37.63481642,-113.4,55.94238354,37.63396977,-214.2,72.28,124.10,0.57,1.50,2.00,8,0,1
386.00,55.94167967,37.63577159,-116.6,55.94206913,37.63494217,-217.9,67.48,121.69,0.47,1.50,2.00,8,0,1
387.00,55.94137626,37.63679563,-119.9,55.94175472,37.63591456,-221.6,69.22,122.98,0.69,1.50,2.00,8,0,1
388.00,55.94106041,37.63769674,-123.4,55.94144031,37.63688695,-225.2,65.86,121.29,0.34,1.50,2.00,8,0,1
389.00,55.94081166,37.63860272,-126.5,55.94112590,37.63785933,-228.9,58.07,117.76,0.71,1.50,2.00,8,0,1
390.00,55.94051095,37.63966507,-129.5,55.94081149,37.63883170,-232.6,61.80,120.16,0.74,1.50,2.00,8,0,1
391.00,55.94020467,37.64057951,-132.8,55.94049708,37.63980406,-236.2,58.28,118.74,0.33,1.50,2.00,8,0,1
392.00,55.93988359,37.64150100,-136.1,55.94018267,37.64077641,-239.9,56.12,118.00,0.29,1.50,2.00,8,0,1
393.00,55.93955793,37.64248262,-139.4,55.93986826,37.64174876,-243.6,57.33,118.95,0.30,1.50,2.00,8,0,1
394.00,55.93919953,37.64345479,-142.8,55.93955385,37.64272110,-247.3,60.40,120.67,0.46,1.50,2.00,8,0,1
395.00,55.93889389,37.64452211,-146.3,55.93923944,37.64369343,-250.9,64.41,122.85,0.50,1.50,2.00,8,0,1
396.00,55.93857601,37.64551268,-149.7,55.93892503,37.64466575,-254.6,65.56,123.68,0.44,1.50,2.00,8,0,1
397.00,55.93823683,37.64652426,-152.8,55.93861062,37.64563806,-258.3,69.17,126.12,0.42,1.50,2.00,8,0,1
398.00,55.93791292,37.64748612,-156.2,55.93829621,37.64661037,-261.9,69.30,126.39,0.27,1.50,2.00,8,0,1
399.00,55.93760011,37.64842347,-159.5,55.93798180,37.64758267,-265.6,67.48,125.76,0.71,1.50,2.00,8,0,1
400.00,55.93731030,37.64949885,-162.8,55.93766739,37.64855496,-269.3,71.02,127.99,0.56,1.50,2.00,8,0,1
401.00,55.93699845,37.65043927,-166.1,55.93735298,37.64952724,-272.9,69.22,127.27,0.35,1.50,2.00,8,0,1
402.00,55.93670670,37.65137003,-169.6,55.93703857,37.65049952,-276.6,65.66,125.58,0.46,1.50,2.00,8,0,1
403.00,55.93641764,37.65242853,-172.8,55.93672416,37.65147178,-280.3,68.72,127.56,0.38,1.50,2.00,8,0,1
404.00,55.93608062,37.65335395,-175.9,55.93640975,37.65244404,-283.9,67.54,127.43,0.35,1.50,2.00,8,0,1
405.00,55.93574859,37.65442342,-179.0,55.93609534,37.65341630,-287.6,73.71,131.24,0.27,1.50,2.00,8,0,1
406.00,55.93544335,37.65526125,-182.3,55.93578093,37.65438854,-291.3,66.13,127.51,0.49,1.50,2.00,8,0,1
407.00,55.93515067,37.65623116,-185.6,55.93546652,37.65536077,-294.9,64.67,127.04,0.55,1.50,2.00,8,0,1
408.00,55.93484302,37.65714844,-188.6,55.93515211,37.65633300,-298.6,61.39,125.97,0.48,1.50,2.00,8,0,1
409.00,55.93450103,37.65811227,-191.9,55.93483770,37.65730522,-302.3,62.74,126.94,0.40,1.50,2.00,8,0,1
410.00,55.93415673,37.65911720,-195.1,55.93452329,37.65827743,-305.9,66.39,129.24,0.50,1.50,2.00,8,0,1
411.00,55.93381570,37.66014067,-198.0,55.93420887,37.65924964,-309.6,70.73,132.14,0.12,1.50,2.00,8,0,1
412.00,55.93352746,37.66119624,-201.2,55.93389446,37.66022183,-313.3,73.22,133.89,0.41,1.50,2.00,8,0,1
413.00,55.93318991,37.66216585,-204.2,55.93358005,37.66119402,-317.0,74.56,135.15,0.52,1.50,2.00,8,0,1
414.00,55.93287847,37.66316056,-207.5,55.93326564,37.66216620,-320.6,75.51,135.98,0.44,1.50,2.00,8,0,1
415.00,55.93259857,37.66419016,-210.4,55.93295123,37.66313837,-324.3,76.44,137.17,0.60,1.50,2.00,8,0,1
416.00,55.93228598,37.66511764,-213.7,55.93263682,37.66411054,-328.0,73.95,136.11,0.19,1.50,2.00,8,0,1
417.00,55.93197435,37.66609885,-216.9,55.93232241,37.66508270,-331.6,74.27,136.67,0.46,1.50,2.00,8,0,1
418.00,55.93166239,37.66707965,-219.9,55.93200800,37.66605484,-335.3,74.59,137.37,0.14,1.50,2.00,8,0,1
419.00,55.93137279,37.66802681,-223.0,55.93169359,37.66702699,-339.0,71.85,136.39,0.17,1.50,2.00,8,0,1
420.00,55.93103468,37.66900018,-226.1,55.93137918,37.66799912,-342.6,73.26,137.68,0.27,1.50,2.00,8,0,1
421.00,55.93072012,37.66995952,-229.1,55.93106477,37.66897124,-346.3,72.60,137.84,0.76,1.50,2.00,8,0,1
422.00,55.93040917,37.67094935,-232.1,55.93075036,37.66994336,-350.0,73.34,138.85,0.57,1.50,2.00,8,0,1
423.00,55.93007182,37.67190975,-235.2,55.93043595,37.67091547,-353.6,74.08,139.69,0.27,1.50,2.00,8,0,1
424.00,55.92976039,37.67293956,-238.5,55.93012154,37.67188757,-357.3,76.94,141.57,0.23,1.50,2.00,8,0,1
425.00,55.92944788,37.67392518,-241.8,55.92980713,37.67285966,-361.0,77.55,142.15,0.25,1.50,2.00,8,0,1
426.00,55.92913911,37.67485696,-245.2,55.92949272,37.67383175,-364.6,75.08,141.09,0.45,1.50,2.00,8,0,1
427.00,55.92883567,37.67579087,-248.2,55.92917831,37.67480383,-368.3,72.41,140.21,0.56,1.50,2.00,8,0,1
428.00,55.92854884,37.67678574,-251.1,55.92886390,37.67577590,-372.0,72.09,140.76,0.14,1.50,2.00,8,0,1
429.00,55.92819727,37.67771263,-254.2,55.92854949,37.67674796,-375.7,71.81,141.12,0.64,1.50,2.00,8,0,1
430.00,55.92788982,37.67865575,-257.4,55.92823508,37.67772001,-379.3,69.88,140.49,0.36,1.50,2.00,8,0,1
431.00,55.92759206,37.67977459,-260.7,55.92792067,37.67869206,-383.0,76.79,144.40,0.33,1.50,2.00,8,0,1
432.00,55.92728417,37.68071040,-263.9,55.92760626,37.67966410,-386.7,74.46,143.54,0.48,1.50,2.00,8,0,1
433.00,55.92697087,37.68184237,-267.0,55.92729185,37.68063613,-390.3,83.28,148.85,0.48,1.50,2.00,8,0,1
434.00,55.92667273,37.68275043,-269.9,55.92697744,37.68160815,-394.0,78.90,147.07,0.34,1.50,2.00,8,0,1
435.00,55.92636916,37.68374343,-272.7,55.92666303,37.68258017,-397.7,79.58,148.12,0.26,1.50,2.00,8,0,1
436.00,55.92604734,37.68468969,-275.8,55.92634862,37.68355217,-401.3,78.47,148.07,0.36,1.50,2.00,8,0,1
437.00,55.92574000,37.68577686,-278.9,55.92603421,37.68452417,-405.0,84.72,151.90,0.40,1.50,2.00,8,0,1
438.00,55.92543838,37.68670036,-282.0,55.92571980,37.68549616,-408.7,81.38,150.57,0.44,1.50,2.00,8,0,1
439.00,55.92511190,37.68762070,-284.9,55.92540539,37.68646815,-412.3,78.96,149.95,0.48,1.50,2.00,8,0,1
440.00,55.92481260,37.68854796,-287.9,55.92509097,37.68744012,-416.0,75.73,148.81,0.33,1.50,2.00,8,0,1
441.00,55.92450853,37.68946799,-291.2,55.92477656,37.68841209,-419.7,72.30,147.44,0.48,1.50,2.00,8,0,1
442.00,55.92417159,37.69040863,-294.4,55.92446215,37.68938405,-423.3,71.62,147.53,0.34,1.50,2.00,8,0,1
443.00,55.92383384,37.69133517,-297.4,55.92414774,37.69035600,-427.0,70.36,147.44,0.23,1.50,2.00,8,0,1
444.00,55.92350618,37.69226347,-300.5,55.92383333,37.69132794,-430.7,68.78,147.26,0.49,1.50,2.00,8,0,1
445.00,55.92320258,37.69338525,-303.7,55.92351892,37.69229988,-434.3,76.31,151.31,0.25,1.50,2.00,8,0,1
446.00,55.92286844,37.69436727,-307.1,55.92320451,37.69327181,-438.0,77.90,152.34,0.24,1.50,2.00,8,0,1
447.00,55.92255372,37.69542536,-310.4,55.92289010,37.69424373,-441.7,82.67,155.16,0.38,1.50,2.00,8,0,1
448.00,55.92224666,37.69639803,-313.5,55.92257569,37.69521564,-445.4,82.35,155.47,0.43,1.50,2.00,8,0,1
449.00,55.92192554,37.69737580,-316.5,55.92226128,37.69618754,-449.0,83.01,156.35,0.37,1.50,2.00,8,0,1
450.00,55.92162982,37.69843056,-319.7,55.92194687,37.69715944,-452.7,86.79,158.80,0.39,1.50,2.00,8,0,1
451.00,55.92134195,37.69919979,-322.7,55.92163246,37.69813133,-456.4,74.08,152.83,0.41,1.50,2.00,8,0,1
452.00,55.92101699,37.70029511,-325.9,55.92131805,37.69910321,-460.0,81.55,156.94,0.38,1.50,2.00,8,0,1
453.00,55.92070266,37.70111782,-329.4,55.92100364,37.70007508,-463.7,73.16,152.93,0.10,1.50,2.00,8,0,1
454.00,55.92036326,37.70217891,-332.5,55.92068923,37.70104695,-467.4,79.39,156.45,0.22,1.50,2.00,8,0,1
455.00,55.92006580,37.70308945,-335.9,55.92037482,37.70201880,-471.0,75.12,154.61,0.23,1.50,2.00,8,0,1
456.00,55.91974002,37.70400357,-339.2,55.92006041,37.70299065,-474.7,72.56,153.71,0.42,1.50,2.00,8,0,1
457.00,55.91942528,37.70507496,-342.4,55.91974600,37.70396249,-478.4,78.04,156.78,0.38,1.50,2.00,8,0,1
458.00,55.91910009,37.70602336,-345.8,55.91943159,37.70493433,-482.0,77.31,156.69,0.10,1.50,2.00,8,0,1
459.00,55.91881363,37.70691253,-348.8,55.91911718,37.70590615,-485.7,71.29,154.33,0.41,1.50,2.00,8,0,1
460.00,55.91850384,37.70794660,-351.9,55.91880277,37.70687797,-489.4,74.51,156.38,0.33,1.50,2.00,8,0,1
461.00,55.91817322,37.70882577,-355.0,55.91848836,37.70784978,-493.0,70.27,154.87,0.45,1.50,2.00,8,0,1
462.00,55.91785432,37.70988243,-358.2,55.91817395,37.70882158,-496.7,75.14,157.56,0.29,1.50,2.00,8,0,1
463.00,55.91753449,37.71084133,-361.3,55.91785954,37.70979338,-500.4,74.72,157.90,0.49,1.50,2.00,8,0,1
464.00,55.91724649,37.71194044,-364.4,55.91754513,37.71076516,-504.0,80.50,161.18,0.26,1.50,2.00,8,0,1
465.00,55.91690747,37.71287223,-367.5,55.91723072,37.71173694,-507.7,79.44,161.18,0.53,1.50,2.00,8,0,1
466.00,55.91660278,37.71379235,-370.4,55.91691631,37.71270871,-511.4,76.08,160.16,0.79,1.50,2.00,8,0,1
467.00,55.91630708,37.71462914,-373.3,55.91660190,37.71368047,-515.1,67.67,157.06,0.56,1.50,2.00,8,0,1
468.00,55.91600078,37.71555100,-376.4,55.91628748,37.71465223,-518.7,64.52,156.26,0.41,1.50,2.00,8,0,1
469.00,55.91566921,37.71667762,-379.6,55.91597307,37.71562397,-522.4,73.92,160.76,0.71,1.50,2.00,8,0,1
470.00,55.91535014,37.71771134,-382.9,55.91565866,37.71659571,-526.1,77.61,162.81,0.66,1.50,2.00,8,0,1
471.00,55.91503618,37.71865705,-386.3,55.91534425,37.71756744,-529.7,76.14,162.39,0.53,1.50,2.00,8,0,1
472.00,55.91473768,37.71958181,-389.3,55.91502984,37.71853917,-533.4,72.72,161.44,0.24,1.50,2.00,8,0,1
473.00,55.91445020,37.72042231,-392.5,55.91471543,37.71951088,-537.1,64.07,158.17,0.35,1.50,2.00,8,0,1
474.00,55.91410812,37.72146744,-395.4,55.91440102,37.72048259,-540.7,69.56,161.11,0.16,1.50,2.00,8,0,1
475.00,55.91380204,37.72232627,-398.6,55.91408661,37.72145429,-544.4,62.95,158.82,0.31,1.50,2.00,8,0,1
476.00,55.91348997,37.72325705,-401.8,55.91377220,37.72242598,-548.1,60.63,158.29,0.57,1.50,2.00,8,0,1
477.00,55.91316765,37.72413986,-405.2,55.91345779,37.72339766,-551.7,56.46,157.06,0.29,1.50,2.00,8,0,1
478.00,55.91284971,37.72504707,-408.4,55.91314338,37.72436934,-555.4,53.45,156.43,0.77,1.50,2.00,8,0,1
479.00,55.91249274,37.72602558,-411.5,55.91282897,37.72534101,-559.1,56.79,158.12,0.43,1.50,2.00,8,0,1
480.00,55.91217577,37.72697578,-414.6,55.91251456,37.72631267,-562.7,55.98,158.33,0.13,1.50,2.00,8,1,1
481.00,55.91183013,37.72797196,-417.8,55.91220015,37.72728432,-566.4,59.48,160.08,0.19,1.50,2.00,8,1,1
482.00,55.91150824,37.72911127,-420.9,55.91188574,37.72825596,-570.1,67.92,163.92,0.48,1.50,2.00,8,1,1
483.00,55.91119869,37.73015556,-424.0,55.91157133,37.72922760,-573.8,71.22,165.82,0.51,1.50,2.00,8,1,1
484.00,55.91088514,37.73108909,-427.1,55.91125692,37.73019923,-577.4,69.25,165.54,0.36,1.50,2.00,8,1,1
485.00,55.91057587,37.73211809,-430.2,55.91094251,37.73117085,-581.1,71.82,167.14,0.08,1.50,2.00,8,1,1
486.00,55.91026262,37.73309035,-433.3,55.91062810,37.73214246,-584.8,71.78,167.61,0.14,1.50,2.00,8,1,1
487.00,55.90996012,37.73414695,-436.4,55.91031369,37.73311406,-588.4,75.51,169.74,0.15,1.50,2.00,8,1,1
488.00,55.90962149,37.73514094,-439.5,55.90999928,37.73408566,-592.1,78.13,171.46,0.39,1.50,2.00,8,1,1
489.00,55.90931974,37.73605024,-442.9,55.90968487,37.73505725,-595.8,74.10,169.83,0.39,1.50,2.00,8,1,1
490.00,55.90901424,37.73694423,-446.2,55.90937046,37.73602883,-599.4,69.53,168.24,0.45,1.50,2.00,8,1,1
491.00,55.90867827,37.73797014,-449.7,55.90905605,37.73700041,-603.1,73.69,170.15,0.29,1.50,2.00,8,1,1
492.00,55.90836157,37.73897038,-452.9,55.90874164,37.73797197,-606.8,75.31,171.28,0.34,1.50,2.00,8,1,1
493.00,55.90805471,37.73982250,-456.3,55.90842723,37.73894353,-610.4,68.76,168.77,0.44,1.50,2.00,8,1,1
494.00,55.90775536,37.74085810,-459.8,55.90811282,37.73991508,-614.1,71.03,169.86,0.32,1.50,2.00,7,1,1
495.00,55.90747425,37.74173620,-463.2,55.90779841,37.74088662,-617.8,64.13,167.34,0.48,1.50,2.00,7,1,1
496.00,55.90715396,37.74272697,-466.8,55.90748400,37.74185815,-621.4,65.49,167.95,0.22,1.50,2.00,7,1,1
497.00,55.90682498,37.74370324,-470.1,55.90716958,37.74282968,-625.1,66.65,168.69,0.34,1.50,2.00,7,1,1
498.00,55.90652122,37.74462985,-473.5,55.90685517,37.74380120,-628.8,63.68,167.82,0.26,1.50,2.00,7,1,1
499.00,55.90620482,37.74562499,-476.8,55.90654076,37.74477271,-632.4,65.01,168.68,0.28,1.50,2.00,7,1,1
500.00,55.90587721,37.74656748,-480.1,55.90622635,37.74574421,-636.1,64.42,168.79,0.29,1.50,2.00,7,1,1
501.00,55.90554663,37.74763018,-483.3,55.90591194,37.74671570,-639.8,70.07,171.49,0.23,1.50,2.00,7,1,1
502.00,55.90524103,37.74854423,-486.4,55.90559753,37.74768719,-643.5,66.60,170.63,0.24,1.50,2.00,7,1,1
503.00,55.90493024,37.74946168,-489.7,55.90528312,37.74865867,-647.1,63.67,169.77,0.42,1.50,2.00,7,1,1
504.00,55.90462263,37.75035205,-493.3,55.90496871,37.74963014,-650.8,59.28,168.30,0.25,1.50,2.00,7,1,1
505.00,55.90432287,37.75132604,-496.6,55.90465430,37.75060160,-654.5,58.35,168.29,0.26,1.50,2.00,7,1,1
506.00,55.90401818,37.75238545,-499.8,55.90433989,37.75157306,-658.1,62.07,170.07,0.09,1.50,2.00,7,1,1
507.00,55.90371206,37.75342336,-503.0,55.90402548,37.75254451,-661.8,65.00,171.57,0.09,1.50,2.00,7,1,1
508.00,55.90340571,37.75435196,-506.1,55.90371107,37.75351595,-665.5,62.27,171.05,0.40,1.50,2.00,7,1,1
509.00,55.90310346,37.75523545,-509.5,55.90339666,37.75448738,-669.1,56.96,169.45,0.35,1.50,2.00,7,1,1
510.00,55.90281814,37.75616462,-512.8,55.90308225,37.75545880,-672.8,52.96,168.50,0.33,1.50,2.00,7,1,1
511.00,55.90249913,37.75721782,-516.0,55.90276784,37.75643022,-676.5,57.54,170.44,0.35,1.50,2.00,7,1,1
512.00,55.90217025,37.75829203,-518.9,55.90245343,37.75740162,-680.1,63.89,173.40,0.49,1.50,2.00,7,1,1
513.00,55.90184958,37.75937874,-521.6,55.90213902,37.75837302,-683.8,70.55,176.89,0.29,1.50,2.00,7,1,1
514.00,55.90154663,37.76037854,-524.5,55.90182461,37.75934442,-687.5,71.57,178.02,0.23,1.50,2.00,7,1,1
515.00,55.90122656,37.76137428,-527.5,55.90151020,37.76031580,-691.1,73.22,179.31,0.17,1.50,2.00,7,1,1
516.00,55.90091986,37.76235808,-530.5,55.90119579,37.76128718,-694.8,73.55,179.99,0.26,1.50,2.00,7,1,1
517.00,55.90060315,37.76335233,-533.5,55.90088138,37.76225855,-698.5,74.96,181.21,0.46,1.50,2.00,7,1,1
518.00,55.90029656,37.76425085,-536.2,55.90056697,37.76322991,-702.2,70.47,180.31,0.46,1.50,2.00,7,1,1
519.00,55.89999320,37.76517053,-538.9,55.90025256,37.76420126,-705.8,67.03,179.84,0.42,1.50,2.00,7,1,1
520.00,55.89967787,37.76604219,-541.7,55.89993815,37.76517260,-709.5,61.52,178.66,0.41,1.50,2.00,7,1,1
521.00,55.89934071,37.76722608,-544.5,55.89962374,37.76614394,-713.2,74.52,184.36,0.34,1.50,2.00,7,1,1
522.00,55.89902723,37.76807014,-547.3,55.89930933,37.76711527,-716.8,67.36,182.38,0.45,1.50,2.00,7,1,1
523.00,55.89871120,37.76899300,-550.0,55.89899492,37.76808659,-720.5,64.79,182.37,0.71,1.50,2.00,7,1,1
524.00,55.89841771,37.76982734,-552.4,55.89868051,37.76905791,-724.2,56.23,180.70,0.58,1.50,2.00,7,1,1
525.00,55.89810081,37.77081151,-555.0,55.89836609,37.77002921,-727.8,57.06,182.03,0.46,1.50,2.00,7,1,1
526.00,55.89781107,37.77175404,-557.7,55.89805168,37.77100051,-731.5,54.12,182.04,0.30,1.50,2.00,7,1,1
527.00,55.89749064,37.77286291,-560.6,55.89773727,37.77197180,-735.2,62.03,185.23,0.33,1.50,2.00,7,1,1
528.00,55.89716080,37.77376868,-563.4,55.89742286,37.77294308,-738.8,59.21,185.12,0.38,1.50,2.00,7,1,1
529.00,55.89685165,37.77475679,-566.4,55.89710845,37.77391435,-742.5,59.85,185.97,0.30,1.50,2.00,7,1,1
530.00,55.89651366,37.77585198,-569.4,55.89679404,37.77488562,-746.2,67.91,189.33,0.36,1.50,2.00,7,1,1
531.00,55.89619579,37.77689530,-572.4,55.89647963,37.77585688,-749.8,72.11,191.50,0.22,1.50,2.00,7,1,1
532.00,55.89588615,37.77774995,-575.5,55.89616522,37.77682813,-753.5,65.39,189.59,0.37,1.50,2.00,7,1,1
533.00,55.89556831,37.77882507,-578.9,55.89585081,37.77779937,-757.2,71.33,191.98,0.26,1.50,2.00,7,1,1
534.00,55.89526823,37.77968469,-582.3,55.89553640,37.77877061,-760.8,64.39,189.83,0.30,1.50,2.00,7,1,1
535.00,55.89495367,37.78076626,-585.4,55.89522199,37.77974183,-764.5,70.58,192.52,0.31,1.50,2.00,7,1,1
536.00,55.89462085,37.78174230,-588.6,55.89490758,37.78071305,-768.2,71.74,193.39,0.28,1.50,2.00,7,1,1
537.00,55.89431166,37.78262395,-591.6,55.89459317,37.78168426,-771.9,66.50,192.17,0.10,1.50,2.00,7,1,1
538.00,55.89399356,37.78366456,-594.7,55.89427876,37.78265547,-775.5,70.54,194.12,0.11,1.50,2.00,7,1,1
539.00,55.89368158,37.78464526,-597.8,55.89396435,37.78362666,-779.2,70.95,194.79,0.34,1.50,2.00,7,1,1
540.00,55.89337675,37.78557280,-600.9,55.89364994,37.78459785,-782.9,68.03,194.31,0.36,1.50,2.00,7,1,1
541.00,55.89304445,37.78657221,-604.0,55.89333553,37.78556903,-786.5,70.51,195.71,0.26,1.50,2.00,7,1,1
542.00,55.89273300,37.78751942,-607.1,55.89302112,37.78654020,-790.2,69.03,195.68,0.36,1.50,2.00,7,1,1
543.00,55.89240874,37.78853928,-610.3,55.89270671,37.78751136,-793.9,72.23,197.29,0.07,1.50,2.00,7,1,1
544.00,55.89211357,37.78945405,-613.4,55.89239230,37.78848252,-797.5,68.12,196.36,0.23,1.50,2.00,7,1,1
545.00,55.89179246,37.79048631,-616.7,55.89207789,37.78945367,-801.2,71.87,198.05,0.21,1.50,2.00,7,1,1
546.00,55.89148427,37.79144265,-619.6,55.89176348,37.79042481,-804.9,70.73,198.33,0.33,1.50,2.00,7,1,1
547.00,55.89115634,37.79233598,-622.7,55.89144907,37.79139594,-808.5,67.12,197.59,0.32,1.50,2.00,7,1,1
548.00,55.89084389,37.79328422,-625.9,55.89113466,37.79236707,-812.2,65.77,197.57,0.12,1.50,2.00,7,1,1
549.00,55.89051205,37.79437813,-629.0,55.89082025,37.79333818,-815.9,73.43,200.78,0.20,1.50,2.00,7,1,1
550.00,55.89019698,37.79536653,-632.2,55.89050584,37.79430929,-819.5,74.42,201.58,0.28,1.50,2.00,7,1,1
551.00,55.88989887,37.79632083,-635.5,55.89019143,37.79528039,-823.2,72.66,201.28,0.28,1.50,2.00,7,1,1
552.00,55.88958836,37.79725935,-638.7,55.88987702,37.79625149,-826.9,70.65,200.97,0.30,1.50,2.00,7,1,1
553.00,55.88932187,37.79802510,-642.0,55.88956261,37.79722257,-830.5,56.82,196.91,0.14,1.50,2.00,7,1,1
554.00,55.88902681,37.79899257,-645.1,55.88924819,37.79819365,-834.2,55.63,197.12,0.29,1.50,2.00,7,1,1
555.00,55.88869133,37.79999539,-648.0,55.88893378,37.79916472,-837.9,58.46,198.70,0.11,1.50,2.00,7,1,1
556.00,55.88835406,37.80104496,-651.0,55.88861937,37.80013578,-841.6,63.98,201.06,0.18,1.50,2.00,7,1,1
557.00,55.88803242,37.80209692,-653.9,55.88830496,37.80110683,-845.2,68.85,203.36,0.33,1.50,2.00,7,1,1
558.00,55.88769973,37.80318691,-656.8,55.88799055,37.80207788,-848.9,76.43,206.71,0.31,1.50,2.00,7,1,1
559.00,55.88738775,37.80412579,-659.8,55.88767614,37.80304892,-852.6,74.50,206.66,0.06,1.50,2.00,7,1,1
560.00,55.88708616,37.80501390,-662.9,55.88736173,37.80401995,-856.2,69.22,205.38,0.25,1.50,2.00,7,1,1
561.00,55.88676660,37.80609039,-665.8,55.88704732,37.80499097,-859.9,75.42,208.21,0.24,1.50,2.00,7,1,1
562.00,55.88643142,37.80717371,-668.8,55.88673291,37.80596198,-863.6,82.76,211.60,0.17,1.50,2.00,7,1,1
563.00,55.88612390,37.80814596,-671.9,55.88641850,37.80693299,-867.2,82.52,212.05,0.41,1.50,2.00,7,1,1
564.00,55.88580771,37.80914286,-675.3,55.88610409,37.80790399,-870.9,84.09,212.87,0.39,1.50,2.00,7,1,1
565.00,55.88549435,37.81005505,-678.6,55.88578968,37.80887498,-874.6,80.68,211.95,0.29,1.50,2.00,7,1,1
566.00,55.88517141,37.81100743,-681.8,55.88547527,37.80984596,-878.2,80.02,212.14,0.26,1.50,2.00,7,1,1
567.00,55.88484544,37.81195512,-685.0,55.88516086,37.81081694,-881.9,79.26,212.24,0.38,1.50,2.00,7,1,1
568.00,55.88452009,37.81292923,-688.4,55.88484645,37.81178790,-885.6,79.99,212.74,0.43,1.50,2.00,7,1,1
569.00,55.88420966,37.81387565,-691.8,55.88453204,37.81275886,-889.2,78.42,212.44,0.51,1.50,2.00,7,1,1
570.00,55.88389887,37.81480693,-695.1,55.88421763,37.81372982,-892.9,76.04,211.94,0.38,1.50,2.00,7,1,1
571.00,55.88358548,37.81580595,-698.4,55.88390322,37.81470076,-896.6,77.54,212.84,0.14,1.50,2.00,7,1,1
572.00,55.88328225,37.81667024,-701.5,55.88358881,37.81567169,-900.3,71.07,211.03,0.37,1.50,2.00,7,1,1
573.00,55.88293286,37.81766578,-704.9,55.88327440,37.81664262,-903.9,74.34,212.48,0.41,1.50,2.00,7,1,1
574.00,55.88263342,37.81860891,-708.1,55.88295999,37.81761354,-907.6,72.00,212.13,0.27,1.50,2.00,7,1,1
575.00,55.88232521,37.81954888,-711.3,55.88264558,37.81858445,-911.3,69.99,211.88,0.40,1.50,2.00,7,1,1
576.00,55.88200582,37.82044633,-714.6,55.88233117,37.81955536,-914.9,66.38,211.04,0.57,1.50,2.00,7,1,1
577.00,55.88168093,37.82140048,-718.1,55.88201676,37.82052626,-918.6,66.16,211.15,0.50,1.50,2.00,7,1,1
578.00,55.88136079,37.82236121,-721.4,55.88170235,37.82149714,-922.3,66.00,211.47,0.44,1.50,2.00,7,1,1
579.00,55.88105141,37.82320611,-724.6,55.88138794,37.82246802,-925.9,59.39,209.91,0.17,1.50,2.00,7,1,1
580.00,55.88072146,37.82424883,-727.8,55.88107353,37.82343890,-929.6,63.98,211.73,0.25,1.50,2.00,7,1,1
581.00,55.88038435,37.82528066,-730.8,55.88075912,37.82440976,-933.3,68.54,213.76,0.34,1.50,2.00,7,1,1
582.00,55.88008142,37.82619508,-733.8,55.88044471,37.82538062,-936.9,64.98,213.27,0.10,1.50,2.00,7,1,1
583.00,55.87974846,37.82715440,-736.8,55.88013029,37.82635147,-940.6,65.73,214.11,0.20,1.50,2.00,7,1,1
584.00,55.87941613,37.82814737,-739.9,55.87981588,37.82732231,-944.3,68.08,215.42,0.26,1.50,2.00,7,1,1
585.00,55.87910237,37.82911623,-743.1,55.87950147,37.82829314,-947.9,67.94,215.78,0.11,1.50,2.00,7,1,1
586.00,55.87877791,37.83024246,-746.2,55.87918706,37.82926397,-951.6,76.21,219.07,0.10,1.50,2.00,7,1,1
587.00,55.87844714,37.83126845,-749.3,55.87887265,37.83023479,-955.3,80.06,221.02,0.28,1.50,2.00,7,1,1
588.00,55.87813421,37.83226230,-752.5,55.87855824,37.83120560,-958.9,81.13,221.77,0.45,1.50,2.00,7,1,1
589.00,55.87783293,37.83316805,-756.0,55.87824383,37.83217640,-962.6,76.99,220.47,0.31,1.50,2.00,7,1,1
590.00,55.87750341,37.83419299,-759.3,55.87792942,37.83314719,-966.3,80.71,222.14,0.41,1.50,2.00,7,1,1
591.00,55.87719313,37.83514754,-762.5,55.87761501,37.83411798,-970.0,79.62,222.19,0.30,1.50,2.00,7,1,1
592.00,55.87687708,37.83609078,-765.5,55.87730060,37.83508876,-973.6,78.35,222.39,0.32,1.50,2.00,7,1,1
593.00,55.87657321,37.83698439,-768.7,55.87698619,37.83605953,-977.3,73.82,221.30,0.27,1.50,2.00,7,1,1
594.00,55.87624976,37.83799423,-771.8,55.87667178,37.83703029,-981.0,76.36,222.70,0.50,1.50,2.00,7,1,1
595.00,55.87592904,37.83898860,-774.9,55.87635737,37.83800105,-984.6,77.95,223.77,0.33,1.50,2.00,7,1,1
596.00,55.87562499,37.83994293,-777.8,55.87604296,37.83897179,-988.3,76.44,223.93,0.32,1.50,2.00,7,1,1
597.00,55.87530969,37.84094133,-780.7,55.87572855,37.83994253,-992.0,77.88,225.19,0.25,1.50,2.00,7,1,1
598.00,55.87499275,37.84189846,-783.6,55.87541414,37.84091326,-995.6,77.37,225.75,0.34,1.50,2.00,7,1,1
599.00,55.87468589,37.84288098,-786.4,55.87509973,37.84188399,-999.3,77.45,226.59,0.17,1.50,2.00,7,1,1
